sample	cg12981137_methylation	MGMT_expression
TCGA-06-5856-01	0.0331	7.646
TCGA-76-4931-01	0.0146	7.882
TCGA-06-5859-01	0.0132	7.479
TCGA-06-0171-02	0.021	7.849
TCGA-28-5204-01	0.0186	7.906
TCGA-06-5408-01	0.0142	7.693
TCGA-76-4932-01	0.3061	5.888
TCGA-28-5209-01	0.7514	5.604
TCGA-06-0211-01	0.2381	6.25
TCGA-76-4926-01	0.0137	7.468
TCGA-06-5417-01	0.7473	4.793
TCGA-26-1442-01	0.2374	6.306
TCGA-26-5139-01	0.0184	7.384
